{
  "context_precision": 0.8326411023625604,
  "context_recall": 0.5296353719105631,
  "faithfulness": 0.7529561138347075,
  "answer_relevancy": 0.6766871182187479
}